{"(None, np.uint64(1))": 0.0, "(None, np.uint64(2))": 0.0, "(128, np.uint64(1))": 0.0, "(128, np.uint64(2))": 0.0, "(256, np.uint64(1))": 0.0, "(256, np.uint64(2))": 0.0, "(512, np.uint64(1))": 0.0, "(512, np.uint64(2))": 0.0, "(640, np.uint64(1))": 0.0, "(640, np.uint64(2))": 0.0, "(768, np.uint64(1))": 0.0, "(768, np.uint64(2))": 0.0, "(896, np.uint64(1))": 0.0, "(896, np.uint64(2))": 0.0, "(1024, np.uint64(1))": 0.0, "(1024, np.uint64(2))": 0.0, "(1152, np.uint64(1))": 0.0, "(1152, np.uint64(2))": 0.0, "(384, np.uint64(1))": 0.0, "(384, np.uint64(2))": 0.0, "(133, np.uint64(0))": 0.0, "(133, np.uint64(1))": 0.0, "(133, np.uint64(2))": 0.0, "(264, np.uint64(1))": 0.0, "(264, np.uint64(2))": 0.0, "(261, np.uint64(0))": 0.0, "(261, np.uint64(1))": 0.0, "(261, np.uint64(2))": 0.0, "(517, np.uint64(0))": 0.0, "(517, np.uint64(1))": 0.0, "(517, np.uint64(2))": 0.0, "(648, np.uint64(1))": 0.0, "(648, np.uint64(2))": 0.0, "(1029, np.uint64(0))": 0.0, "(1029, np.uint64(1))": 0.0, "(1029, np.uint64(2))": 0.0, "(1160, np.uint64(1))": 0.0, "(1160, np.uint64(2))": 0.0, "(392, np.uint64(2))": 0.0, "(392, np.uint64(1))": 0.0, "(389, np.uint64(0))": 0.0, "(389, np.uint64(1))": 0.0, "(389, np.uint64(2))": 0.0, "(645, np.uint64(0))": 0.0, "(645, np.uint64(1))": 0.0, "(645, np.uint64(2))": 0.0, "(776, np.uint64(1))": 0.0, "(776, np.uint64(2))": 0.0, "(520, np.uint64(2))": 0.0, "(773, np.uint64(0))": 0.0, "(773, np.uint64(1))": 0.0, "(773, np.uint64(2))": 0.0, "(904, np.uint64(1))": 0.0, "(904, np.uint64(2))": 0.0, "(901, np.uint64(0))": 0.0, "(901, np.uint64(1))": 0.0, "(901, np.uint64(2))": 0.0, "(1157, np.uint64(0))": 0.0, "(1157, np.uint64(1))": 0.0, "(1157, np.uint64(2))": 0.0, "(1032, np.uint64(2))": 0.0, "(1032, np.uint64(1))": 0.0, "(520, np.uint64(1))": 0.0, "(769, np.uint64(0))": 0.0, "(769, np.uint64(1))": 0.0, "(769, np.uint64(2))": 0.0, "(641, np.uint64(1))": 0.0, "(1153, np.uint64(0))": 0.0, "(1153, np.uint64(1))": 0.0, "(1153, np.uint64(2))": 0.0, "(1161, np.uint64(0))": 0.0, "(1161, np.uint64(1))": 0.0, "(1161, np.uint64(2))": 0.0, "(1030, np.uint64(0))": 0.0, "(777, np.uint64(0))": 0.0, "(777, np.uint64(1))": 0.0, "(777, np.uint64(2))": 0.0, "(646, np.uint64(0))": 0.0, "(390, np.uint64(0))": 0.0, "(390, np.uint64(1))": 0.0, "(521, np.uint64(0))": 0.0, "(521, np.uint64(1))": 0.0, "(521, np.uint64(2))": 0.0, "(1158, np.uint64(0))": 0.0, "(1158, np.uint64(1))": 0.0, "(902, np.uint64(0))": 0.0, "(902, np.uint64(1))": 0.0, "(1033, np.uint64(0))": 0.0, "(1033, np.uint64(1))": 0.0, "(1033, np.uint64(2))": 0.0, "(513, np.uint64(0))": 0.0, "(513, np.uint64(1))": 0.0, "(513, np.uint64(2))": 0.0, "(774, np.uint64(0))": 0.0, "(774, np.uint64(1))": 0.0, "(905, np.uint64(0))": 0.0, "(905, np.uint64(1))": 0.0, "(905, np.uint64(2))": 0.0, "(518, np.uint64(0))": 0.0, "(518, np.uint64(1))": 0.0, "(649, np.uint64(0))": 0.0, "(649, np.uint64(1))": 0.0, "(649, np.uint64(2))": 0.0, "(262, np.uint64(0))": 0.0, "(262, np.uint64(1))": 0.0, "(393, np.uint64(0))": 0.0, "(393, np.uint64(1))": 0.0, "(393, np.uint64(2))": 0.0, "(257, np.uint64(0))": 0.0, "(257, np.uint64(1))": 0.0, "(257, np.uint64(2))": 0.0, "(385, np.uint64(0))": 0.0, "(385, np.uint64(1))": 0.0, "(385, np.uint64(2))": 0.0, "(646, np.uint64(1))": 0.0, "(897, np.uint64(0))": 0.0, "(897, np.uint64(1))": 0.0, "(897, np.uint64(2))": 0.0, "(1030, np.uint64(1))": 0.0, "(641, np.uint64(0))": 0.0, "(641, np.uint64(2))": 0.0, "(1025, np.uint64(1))": 0.0, "(1025, np.uint64(0))": 0.0, "(1025, np.uint64(2))": 0.0, "(1154, np.uint64(1))": 0.0, "(898, np.uint64(0))": 0.0, "(898, np.uint64(1))": 0.0, "(1026, np.uint64(0))": 0.0, "(1026, np.uint64(1))": 0.0, "(1154, np.uint64(0))": 0.0}